{"cameraMode":{"drawMode":0,"name":"Shaded","section":"Shading Mode"},"sceneLighting":true,"audioPlay":false,"sceneViewState":{"showFog":false,"showMaterialUpdate":false,"showSkybox":false,"showFlares":false,"showImageEffects":false,"showParticleSystems":false},"in2DMode":false,"pivot":{"x":142.8401336669922,"y":2.3425216674804689,"z":9.482505798339844},"rotation":{"x":0.015894204378128053,"y":0.6659730076789856,"z":-0.014192108064889908,"w":0.7456789016723633},"size":82.13172912597656,"orthographic":false}